breakfast-on-pluto,Breakfast on Pluto,1
ayurveda-art-of-being,Ayurveda: Art of Being,1
sound-city,Sound City,1
the-bourne-identity,The Bourne Identity,1
the-visit-2015,The Visit,1
exorcist-the-beginning,Exorcist: The Beginning,1
poohs-heffalump-movie,Pooh's Heffalump Movie,1
the-wackness,The Wackness,1
chef,Chef,1
catwoman,Catwoman,1
a-nightmare-on-elm-street-3-dream-warriors,A Nightmare on Elm Street 3: Dream Warriors,1
transformers-age-of-extinction,Transformers: Age Of Extinction,1
the-crying-game,The Crying Game,1
we-are-the-best!,We Are the Best!,1
how-to-eat-fried-worms,How to Eat Fried Worms,1
chaplin,Chaplin,1
boogeyman,Boogeyman,1
blade-trinity,Blade: Trinity,1
a-mighty-wind,A Mighty Wind,1
the-ring,The Ring,1
black-hawk-down,Black Hawk Down,1
the-neverending-story,The NeverEnding Story,1
paranormal-activity-3,Paranormal Activity 3,1
wing-commander-space-will-never-be-the-same,Wing Commander: Space Will Never Be the Same,1
cabin-fever,Cabin Fever,1
interstellar,Interstellar,1
american-swing,American Swing,1
alien-abduction,Alien Abduction,1
black-dynamite,Black Dynamite,1
the-thirteenth-floor,The Thirteenth Floor,1
the-abcs-of-death,The ABCs of Death,1
fantastic-four-rise-of-the-silver-surfer,Fantastic Four: Rise of the Silver Surfer,1
gunner-palace,Gunner Palace,1
blade-runner,Blade Runner,1
casino,Casino,1
23-blast,23 Blast,1
my-big-fat-greek-wedding-2,My Big Fat Greek Wedding 2,1
coming-to-america,Coming to America,1
best-worst-movie,Best Worst Movie,1
club-dread,Club Dread,1
captain-phillips,Captain Phillips,1
think-like-a-man-too,Think Like a Man Too,1
being-john-malkovich,Being John Malkovich,1
the-bfg,The BFG,1
american-splendor,American Splendor,1
good-night-and-good-luck,"Good Night, and Good Luck.",1
54,54,1
the-adjustment-bureau,The Adjustment Bureau,1
hellion,Hellion,1
cold-mountain,Cold Mountain,1
