Chris & Don. A Love Story,1
A Mighty Wind,1
Balzac and the Little Chinese Seamstress,1
Tunnel,1
Take the Lead,1
Wrath of the Titans,1
TRON: Legacy,1
Knight of Cups,1
Woman Is the Future of Man,1
The Brand New Testament,1
Strangerland,1
"Hieronymus Bosch, Touched by the Devil",1
Hellion,1
Comedy of Power,1
Swing Kids,1
Private Parts,1
Fido,1
Step Up,1
My All American,1
Quantum of Solace,1
Schindler's List,1
The Lunchbox,1
In a Valley of Violence,1
My Afternoons with Margueritte,1
The Simpsons Movie,1
Holes,1
Avatar,1
Mr. Brooks,1
The Baxter,1
I Am Legend,1
Legend of the Guardians: The Owls of Ga'Hoole,1
Dominion: Prequel to the Exorcist,1
54,1
Scanners,1
Solaris,1
In the Name of My Daughter,1
Eastern Promises,1
The Thieves,1
Gangs of New York,1
The Last Legion,1
Anita,1
The Ice Harvest,1
My Big Fat Greek Wedding 2,1
I'm in Love with a Church Girl,1
Mad Max,1
Departures,1
Letters to God,1
Kubo and the Two Strings,1
Fast & Furious,1
Interstellar,1
